id,total,name,bez,stark_sinkend,leicht_sinkend,kein_starker_trend,leicht_steigend,stark_steigend,search,bbox,center
01001,0,Flensburg,ks,0,0,0,0,0,flensburg kreisfreie stadt,"9.3572,54.7519,9.5067,54.8371","9.4404,54.7897"
01002,0,Kiel,ks,0,0,0,0,0,kiel kreisfreie stadt,"10.0326,54.2508,10.2187,54.4329","10.1341,54.3265"
01003,2,Lübeck,ks,0,0,2,0,0,lübeck kreisfreie stadt,"10.5548,53.7681,10.9684,53.9941","10.7276,53.8725"
01004,0,Neumünster,ks,0,0,0,0,0,neumünster kreisfreie stadt,"9.9257,54.0175,10.0583,54.1499","9.9847,54.0809"
01051,27,Dithmarschen,kr,1,5,19,1,1,dithmarschen kreis,"8.6789,53.8775,9.4444,54.379","9.1073,54.1313"
01053,48,Herzogtum Lauenburg,kr,5,23,19,0,1,herzogtum lauenburg kreis,"10.235,53.3598,10.9549,53.8275","10.6019,53.589"
01054,8,Nordfriesland,kr,0,0,7,1,0,nordfriesland kreis,"8.2786,54.262,9.3272,55.0588","8.896,54.6155"
01055,8,Ostholstein,kr,2,3,2,0,1,ostholstein kreis,"10.4175,53.8796,11.3129,54.5361","10.8204,54.1902"
01056,26,Pinneberg,kr,1,5,14,1,5,pinneberg kreis,"7.8691,53.5576,9.9847,54.193","9.726,53.7163"
01057,5,Plön,kr,1,2,2,0,0,plön kreis,"10.0161,54.0548,10.7293,54.4359","10.3636,54.2434"
01058,23,Rendsburg-Eckernförde,kr,4,6,11,1,1,rendsburg-eckernförde kreis,"9.3041,54.0089,10.1994,54.647","9.7818,54.2918"
01059,11,Schleswig-Flensburg,kr,0,0,8,3,0,schleswig-flensburg kreis,"9.0624,54.2716,10.0432,54.887","9.5116,54.6276"
01060,23,Segeberg,kr,1,5,13,1,3,segeberg kreis,"9.7514,53.6472,10.5636,54.1077","10.1409,53.9199"
01061,12,Steinburg,kr,0,6,5,0,1,steinburg kreis,"9.1984,53.7077,9.8643,54.0998","9.5143,53.9245"
01062,58,Stormarn,kr,3,12,32,3,8,stormarn kreis,"10.0227,53.4954,10.6219,53.9204","10.3317,53.7208"
02000,0,Hamburg,ks,0,0,0,0,0,hamburg kreisfreie stadt,"8.4199,53.3951,10.326,53.9644","10.0128,53.5474"
03101,0,Braunschweig,ks,0,0,0,0,0,braunschweig kreisfreie stadt,"10.4124,52.1867,10.643,52.3575","10.5242,52.2753"
03102,0,Salzgitter,ks,0,0,0,0,0,salzgitter kreisfreie stadt,"10.2306,52.013,10.5077,52.2228","10.3708,52.1244"
03103,0,Wolfsburg,ks,0,0,0,0,0,wolfsburg kreisfreie stadt,"10.6472,52.3159,10.9069,52.4951","10.785,52.4107"
03151,0,Gifhorn,lk,0,0,0,0,0,gifhorn landkreis,"10.2596,52.3204,11.0088,52.8342","10.6042,52.5803"
03153,0,Goslar,lk,0,0,0,0,0,goslar landkreis,"10.0655,51.6379,10.7014,52.0562","10.4005,51.8746"
03154,0,Helmstedt,lk,0,0,0,0,0,helmstedt landkreis,"10.6009,52.0477,11.0862,52.4718","10.8888,52.2607"
03155,0,Northeim,lk,0,0,0,0,0,northeim landkreis,"9.4173,51.5521,10.162,51.9478","9.848,51.7426"
03157,0,Peine,lk,0,0,0,0,0,peine landkreis,"9.9951,52.175,10.453,52.4485","10.2553,52.3042"
03158,0,Wolfenbüttel,lk,0,0,0,0,0,wolfenbüttel landkreis,"10.1752,51.9705,10.8893,52.3033","10.584,52.127"
03159,0,Göttingen,lk,0,0,0,0,0,göttingen landkreis,"9.5484,51.2952,10.6825,51.8332","10.0879,51.564"
03241,0,Region Hannover,lk,0,0,0,0,0,region hannover landkreis,"9.2381,52.1284,10.3034,52.677","9.7198,52.4219"
03251,0,Diepholz,lk,0,0,0,0,0,diepholz landkreis,"8.2938,52.4436,9.1162,53.0534","8.7018,52.7285"
03252,0,Hameln-Pyrmont,lk,0,0,0,0,0,hameln-pyrmont landkreis,"9.1547,51.9194,9.6846,52.2743","9.3899,52.0951"
03254,0,Hildesheim,lk,0,0,0,0,0,hildesheim landkreis,"9.6288,51.8969,10.264,52.2969","9.9434,52.0903"
03255,0,Holzminden,lk,0,0,0,0,0,holzminden landkreis,"9.3078,51.646,9.8949,52.0441","9.5514,51.8806"
03256,0,Nienburg (Weser),lk,0,0,0,0,0,nienburg (weser) landkreis,"8.6985,52.3879,9.5378,52.9095","9.1143,52.6092"
03257,0,Schaumburg,lk,0,0,0,0,0,schaumburg landkreis,"8.9635,52.0943,9.4483,52.4547","9.2065,52.2928"
03351,0,Celle,lk,0,0,0,0,0,celle landkreis,"9.7258,52.4883,10.4444,52.937","10.1035,52.7133"
03352,0,Cuxhaven,lk,0,0,0,0,0,cuxhaven landkreis,"8.4828,53.2812,9.2986,53.8923","8.8125,53.6166"
03353,0,Harburg,lk,0,0,0,0,0,harburg landkreis,"9.5612,53.129,10.471,53.5053","9.9628,53.3158"
03354,0,Lüchow-Dannenberg,lk,0,0,0,0,0,lüchow-dannenberg landkreis,"10.7505,52.8458,11.5981,53.2501","11.1229,53.0198"
03355,0,Lüneburg,lk,0,0,0,0,0,lüneburg landkreis,"10.0361,53.043,11.1953,53.3858","10.5733,53.2326"
03356,0,Osterholz,lk,0,0,0,0,0,osterholz landkreis,"8.4807,53.1251,9.0715,53.3957","8.8081,53.251"
03357,0,Rotenburg (Wümme),lk,0,0,0,0,0,rotenburg (wümme) landkreis,"8.8965,52.9174,9.7584,53.5938","9.3066,53.2507"
03358,0,Heidekreis,lk,0,0,0,0,0,heidekreis landkreis,"9.3172,52.5995,10.2369,53.2195","9.7694,52.9283"
03359,0,Stade,lk,0,0,0,0,0,stade landkreis,"9.0132,53.337,9.7837,53.8677","9.4202,53.5852"
03360,0,Uelzen,lk,0,0,0,0,0,uelzen landkreis,"10.1458,52.7651,10.8927,53.2039","10.5476,52.9836"
03361,0,Verden,lk,0,0,0,0,0,verden landkreis,"8.9037,52.7677,9.4639,53.1845","9.1755,52.9732"
03401,0,Delmenhorst,ks,0,0,0,0,0,delmenhorst kreisfreie stadt,"8.5783,52.9864,8.7114,53.1092","8.6456,53.0494"
03402,0,Emden,ks,0,0,0,0,0,emden kreisfreie stadt,"6.9994,53.3202,7.3114,53.4087","7.1812,53.3609"
03403,0,Oldenburg (Oldb),ks,0,0,0,0,0,oldenburg (oldb) kreisfreie stadt,"8.128,53.0823,8.3123,53.2052","8.2243,53.1446"
03404,0,Osnabrück,ks,0,0,0,0,0,osnabrück kreisfreie stadt,"7.9302,52.2205,8.1805,52.3388","8.047,52.2777"
03405,0,Wilhelmshaven,ks,0,0,0,0,0,wilhelmshaven kreisfreie stadt,"7.9936,53.5018,8.171,53.6381","8.0881,53.5666"
03451,0,Ammerland,lk,0,0,0,0,0,ammerland landkreis,"7.6975,53.0596,8.3146,53.354","8.0133,53.2185"
03452,0,Aurich,lk,0,0,0,0,0,aurich landkreis,"6.8535,53.3323,7.8155,53.7361","7.3682,53.4975"
03453,0,Cloppenburg,lk,0,0,0,0,0,cloppenburg landkreis,"7.6119,52.6774,8.2588,53.1854","7.9047,52.911"
03454,0,Emsland,lk,0,0,0,0,0,emsland landkreis,"6.9953,52.2803,7.8321,53.1175","7.4027,52.7383"
03455,0,Friesland,lk,0,0,0,0,0,friesland landkreis,"7.8093,53.3047,8.2073,53.7948","7.9827,53.5093"
03456,0,Grafschaft Bentheim,lk,0,0,0,0,0,grafschaft bentheim landkreis,"6.6809,52.2411,7.3175,52.6531","7.0199,52.4761"
03457,0,Leer,lk,0,0,0,0,0,leer landkreis,"6.6393,53.0337,7.8856,53.6177","7.4702,53.2433"
03458,0,Oldenburg,lk,0,0,0,0,0,oldenburg landkreis,"8.0508,52.7979,8.694,53.1721","8.3894,52.9881"
03459,1,Osnabrück,lk,0,0,1,0,0,osnabrück landkreis,"7.604,52.0355,8.5174,52.7093","8.0451,52.3816"
03460,0,Vechta,lk,0,0,0,0,0,vechta landkreis,"8.014,52.4329,8.4736,52.8843","8.2231,52.6602"
03461,0,Wesermarsch,lk,0,0,0,0,0,wesermarsch landkreis,"8.1642,53.0993,8.6577,53.6163","8.3901,53.3557"
03462,0,Wittmund,lk,0,0,0,0,0,wittmund landkreis,"7.4078,53.3629,7.9752,53.7823","7.7054,53.5763"
04011,0,Bremen,ks,0,0,0,0,0,bremen kreisfreie stadt,"8.4817,53.011,8.9909,53.5973","8.7805,53.1197"
04012,0,Bremerhaven,ks,0,0,0,0,0,bremerhaven kreisfreie stadt,"8.4832,53.4712,8.6609,53.6101","8.5764,53.543"
05111,0,Düsseldorf,ks,0,0,0,0,0,düsseldorf kreisfreie stadt,"6.6898,51.1244,6.94,51.3514","6.8101,51.2355"
05112,1,Duisburg,ks,0,0,1,0,0,duisburg kreisfreie stadt,"6.6256,51.3332,6.8305,51.5602","6.7347,51.4396"
05113,0,Essen,ks,0,0,0,0,0,essen kreisfreie stadt,"6.8945,51.3474,7.1368,51.5341","7.0171,51.4338"
05114,2,Krefeld,ks,0,0,1,0,1,krefeld kreisfreie stadt,"6.4779,51.2868,6.7062,51.4063","6.5797,51.3452"
05116,5,Mönchengladbach,ks,3,2,0,0,0,mönchengladbach kreisfreie stadt,"6.2911,51.086,6.5371,51.2478","6.412,51.1672"
05117,0,Mülheim an der Ruhr,ks,0,0,0,0,0,mülheim an der ruhr kreisfreie stadt,"6.8049,51.3512,6.9593,51.4713","6.8785,51.4138"
05119,0,Oberhausen,ks,0,0,0,0,0,oberhausen kreisfreie stadt,"6.7771,51.4489,6.9307,51.5796","6.8471,51.5131"
05120,0,Remscheid,ks,0,0,0,0,0,remscheid kreisfreie stadt,"7.1312,51.1433,7.3092,51.2254","7.224,51.1827"
05122,0,Solingen,ks,0,0,0,0,0,solingen kreisfreie stadt,"6.9511,51.1152,7.174,51.2205","7.0661,51.1625"
05124,0,Wuppertal,ks,0,0,0,0,0,wuppertal kreisfreie stadt,"7.015,51.1664,7.3136,51.3183","7.1689,51.2507"
05154,9,Kleve,kr,0,2,6,1,0,kleve kreis,"5.945,51.355,6.5346,51.9052","6.2588,51.6524"
05158,0,Mettmann,kr,0,0,0,0,0,mettmann kreis,"6.7998,51.0649,7.1696,51.3815","6.969,51.2571"
05162,7,Rhein-Kreis Neuss,kr,0,1,2,0,4,rhein-kreis neuss kreis,"6.4364,51.0151,6.8836,51.3367","6.6493,51.1436"
05166,6,Viersen,kr,2,0,1,3,0,viersen kreis,"6.068,51.1663,6.626,51.425","6.3262,51.2828"
05170,3,Wesel,kr,0,0,3,0,0,wesel kreis,"6.2929,51.3895,6.9405,51.817","6.6184,51.627"
05314,0,Bonn,ks,0,0,0,0,0,bonn kreisfreie stadt,"7.0235,50.6319,7.2109,50.7744","7.1099,50.7058"
05315,4,Köln,ks,0,0,4,0,0,köln kreisfreie stadt,"6.7724,50.8296,7.1636,51.0846","6.9733,50.9456"
05316,0,Leverkusen,ks,0,0,0,0,0,leverkusen kreisfreie stadt,"6.898,51.0109,7.1157,51.0971","7.0154,51.0531"
05334,6,Städteregion Aachen,kr,1,1,2,1,1,städteregion aachen kreis,"5.9749,50.4944,6.4197,50.9501","6.2168,50.7283"
05358,20,Düren,kr,9,6,4,1,0,düren kreis,"6.1935,50.5982,6.7181,51.0466","6.4456,50.818"
05362,13,Rhein-Erft-Kreis,kr,0,2,2,1,8,rhein-erft-kreis kreis,"6.4532,50.7178,7.0302,51.0661","6.7164,50.9051"
05366,8,Euskirchen,kr,1,2,5,0,0,euskirchen kreis,"6.3156,50.323,6.9347,50.7897","6.6442,50.5365"
05370,8,Heinsberg,kr,6,0,1,0,1,heinsberg kreis,"5.8663,50.8982,6.4772,51.1899","6.1641,51.0494"
05374,0,Oberbergischer Kreis,kr,0,0,0,0,0,oberbergischer kreis kreis,"7.2526,50.8186,7.792,51.2503","7.5166,51.0127"
05378,0,Rheinisch-Bergischer Kreis,kr,0,0,0,0,0,rheinisch-bergischer kreis kreis,"6.9904,50.8673,7.3985,51.1608","7.1948,51.023"
05382,7,Rhein-Sieg-Kreis,kr,1,0,3,1,2,rhein-sieg-kreis kreis,"6.8543,50.5559,7.6822,50.9498","7.2345,50.7606"
05512,3,Bottrop,ks,1,1,1,0,0,bottrop kreisfreie stadt,"6.8332,51.4969,6.9993,51.6446","6.9201,51.5717"
05513,0,Gelsenkirchen,ks,0,0,0,0,0,gelsenkirchen kreisfreie stadt,"6.9875,51.4808,7.1451,51.6315","7.0712,51.5539"
05515,2,Münster,ks,0,0,2,0,0,münster kreisfreie stadt,"7.474,51.8402,7.7742,52.0602","7.6236,51.9543"
05554,10,Borken,kr,1,1,8,0,0,borken kreis,"6.3867,51.7289,7.2745,52.2431","6.8996,51.9613"
05558,5,Coesfeld,kr,0,1,4,0,0,coesfeld kreis,"7.0533,51.6646,7.7358,52.0618","7.366,51.8669"
05562,6,Recklinghausen,kr,1,2,3,0,0,recklinghausen kreis,"6.8943,51.5207,7.4653,51.8219","7.1592,51.6725"
05566,16,Steinfurt,kr,0,6,10,0,0,steinfurt kreis,"7.0945,51.9948,8.0252,52.4751","7.5795,52.2115"
05570,7,Warendorf,kr,0,2,5,0,0,warendorf kreis,"7.6132,51.6581,8.3201,52.1041","7.9583,51.8702"
05711,5,Bielefeld,ks,2,0,3,0,0,bielefeld kreisfreie stadt,"8.3777,51.915,8.6635,52.1148","8.5408,52.011"
05754,31,Gütersloh,kr,3,7,21,0,0,gütersloh kreis,"8.0755,51.7175,8.7484,52.1352","8.3514,51.9317"
05758,2,Herford,kr,0,0,1,1,0,herford kreis,"8.4038,52.0589,8.9271,52.2676","8.644,52.1676"
05762,0,Höxter,kr,0,0,0,0,0,höxter kreis,"8.9054,51.442,9.4615,51.9114","9.1781,51.6849"
05766,7,Lippe,kr,4,0,3,0,0,lippe kreis,"8.6063,51.789,9.3452,52.1946","8.9508,51.9814"
05770,14,Minden-Lübbecke,kr,2,4,8,0,0,minden-lübbecke kreis,"8.2972,52.1625,9.1367,52.5314","8.7393,52.3525"
05774,13,Paderborn,kr,1,4,8,0,0,paderborn kreis,"8.4031,51.4473,9.0174,51.8771","8.7197,51.6642"
05911,0,Bochum,ks,0,0,0,0,0,bochum kreisfreie stadt,"7.1042,51.4108,7.3498,51.5323","7.225,51.4699"
05913,4,Dortmund,ks,0,1,3,0,0,dortmund kreisfreie stadt,"7.3023,51.4156,7.6379,51.5995","7.4749,51.5161"
05914,0,Hagen,ks,0,0,0,0,0,hagen kreisfreie stadt,"7.3763,51.2649,7.5992,51.418","7.4975,51.348"
05915,1,Hamm,ks,0,1,0,0,0,hamm kreisfreie stadt,"7.6755,51.5781,7.9975,51.7448","7.8236,51.6652"
05916,0,Herne,ks,0,0,0,0,0,herne kreisfreie stadt,"7.1234,51.5031,7.2963,51.5734","7.2086,51.5375"
05954,0,Ennepe-Ruhr-Kreis,kr,0,0,0,0,0,ennepe-ruhr-kreis kreis,"7.1084,51.2132,7.5185,51.4839","7.3241,51.3468"
05958,0,Hochsauerlandkreis,kr,0,0,0,0,0,hochsauerlandkreis kreis,"7.8638,51.0925,8.9708,51.5486","8.385,51.3069"
05962,1,Märkischer Kreis,kr,0,1,0,0,0,märkischer kreis kreis,"7.4177,51.0685,7.9509,51.4785","7.713,51.2626"
05966,2,Olpe,kr,0,0,2,0,0,olpe kreis,"7.7016,50.9246,8.2459,51.2482","7.9765,51.0862"
05970,0,Siegen-Wittgenstein,kr,0,0,0,0,0,siegen-wittgenstein kreis,"7.8267,50.6854,8.5491,51.1495","8.1951,50.9377"
05974,7,Soest,kr,0,2,5,0,0,soest kreis,"7.8272,51.3885,8.586,51.7286","8.2174,51.5644"
05978,4,Unna,kr,0,0,4,0,0,unna kreis,"7.4078,51.3856,7.8497,51.7363","7.6364,51.5786"
06411,17,Darmstadt,ks,0,0,4,2,11,darmstadt kreisfreie stadt,"8.5618,49.7958,8.7497,49.9542","8.6648,49.8815"
06412,2,Frankfurt am Main,ks,0,1,1,0,0,frankfurt am main kreisfreie stadt,"8.4726,50.0156,8.8005,50.2263","8.6442,50.118"
06413,2,Offenbach am Main,ks,0,0,2,0,0,offenbach am main kreisfreie stadt,"8.7178,50.047,8.8433,50.1373","8.7808,50.0911"
06414,1,Wiesbaden,ks,0,0,1,0,0,wiesbaden kreisfreie stadt,"8.1103,49.9944,8.3861,50.1518","8.2604,50.0792"
06431,105,Bergstraße,lk,0,2,26,30,47,bergstraße landkreis,"8.3561,49.3954,8.9503,49.7546","8.6602,49.6177"
06432,52,Darmstadt-Dieburg,lk,0,9,21,11,11,darmstadt-dieburg landkreis,"8.5199,49.7222,9.0505,50.0025","8.7954,49.8555"
06433,91,Groß-Gerau,lk,0,4,53,24,10,groß-gerau landkreis,"8.2882,49.7171,8.6302,50.0837","8.4702,49.9044"
06434,8,Hochtaunuskreis,lk,1,3,3,1,0,hochtaunuskreis landkreis,"8.3152,50.1555,8.7124,50.415","8.5047,50.2816"
06435,37,Main-Kinzig-Kreis,lk,2,5,27,1,2,main-kinzig-kreis landkreis,"8.7806,50.0662,9.7489,50.4634","9.2862,50.2438"
06436,2,Main-Taunus-Kreis,lk,0,0,1,1,0,main-taunus-kreis landkreis,"8.3169,49.9965,8.6008,50.2028","8.4346,50.1026"
06437,1,Odenwaldkreis,lk,1,0,0,0,0,odenwaldkreis landkreis,"8.7844,49.4706,9.1508,49.8557","8.9795,49.6716"
06438,45,Offenbach,lk,8,12,18,3,4,offenbach landkreis,"8.5909,49.9473,9.0488,50.1335","8.8114,50.0217"
06439,9,Rheingau-Taunus-Kreis,lk,1,0,6,2,0,rheingau-taunus-kreis landkreis,"7.7725,49.9718,8.4109,50.2962","8.0812,50.142"
06440,19,Wetteraukreis,lk,2,2,13,2,0,wetteraukreis landkreis,"8.5141,50.1619,9.2904,50.5001","8.9077,50.3548"
06531,17,Gießen,lk,2,1,6,3,5,gießen landkreis,"8.5191,50.415,9.1341,50.7093","8.8075,50.5702"
06532,11,Lahn-Dill-Kreis,lk,0,5,4,2,0,lahn-dill-kreis landkreis,"8.1097,50.3958,8.6508,50.8828","8.3653,50.6482"
06533,7,Limburg-Weilburg,lk,1,1,5,0,0,limburg-weilburg landkreis,"7.9642,50.2641,8.4672,50.5997","8.1994,50.4274"
06534,6,Marburg-Biedenkopf,lk,1,0,4,1,0,marburg-biedenkopf landkreis,"8.3546,50.6738,9.1516,50.9967","8.738,50.8369"
06535,16,Vogelsbergkreis,lk,2,5,6,0,3,vogelsbergkreis landkreis,"8.9045,50.3855,9.65,50.8366","9.2714,50.6381"
06611,0,Kassel,ks,0,0,0,0,0,kassel kreisfreie stadt,"9.3515,51.2619,9.5699,51.3687","9.4602,51.3115"
06631,25,Fulda,lk,1,9,13,0,2,fulda landkreis,"9.4273,50.3561,10.083,50.8096","9.7591,50.5639"
06632,22,Hersfeld-Rotenburg,lk,3,2,14,1,2,hersfeld-rotenburg landkreis,"9.4333,50.7178,10.0639,51.0856","9.7529,50.9062"
06633,13,Kassel,lk,3,6,3,0,1,kassel landkreis,"9.0929,51.1704,9.7595,51.6575","9.407,51.4013"
06634,12,Schwalm-Eder-Kreis,lk,0,7,4,1,0,schwalm-eder-kreis landkreis,"8.9727,50.7728,9.7809,51.2576","9.3737,51.0238"
06635,8,Waldeck-Frankenberg,lk,0,3,5,0,0,waldeck-frankenberg landkreis,"8.4734,50.9356,9.2214,51.5186","8.8889,51.1907"
06636,19,Werra-Meißner-Kreis,lk,1,3,14,1,0,werra-meißner-kreis landkreis,"9.625,50.9922,10.236,51.4211","9.9289,51.1908"
07111,1,Koblenz,ks,0,0,1,0,0,koblenz kreisfreie stadt,"7.4841,50.283,7.696,50.4103","7.5795,50.3485"
07131,0,Ahrweiler,lk,0,0,0,0,0,ahrweiler landkreis,"6.7432,50.3066,7.3444,50.6497","7.045,50.4676"
07132,0,Altenkirchen (Westerwald),lk,0,0,0,0,0,altenkirchen (westerwald) landkreis,"7.4392,50.5639,8.043,50.9423","7.7441,50.7507"
07133,0,Bad Kreuznach,lk,0,0,0,0,0,bad kreuznach landkreis,"7.3874,49.6359,7.9688,50.001","7.6867,49.8248"
07134,0,Birkenfeld,lk,0,0,0,0,0,birkenfeld landkreis,"7.028,49.5486,7.5263,49.9005","7.2775,49.7126"
07135,0,Cochem-Zell,lk,0,0,0,0,0,cochem-zell landkreis,"6.9526,49.9594,7.3836,50.2813","7.1743,50.1329"
07137,3,Mayen-Koblenz,lk,1,0,2,0,0,mayen-koblenz landkreis,"6.9738,50.1601,7.681,50.4766","7.3322,50.3316"
07138,25,Neuwied,lk,0,0,25,0,0,neuwied landkreis,"7.21,50.4117,7.7115,50.7182","7.469,50.5577"
07140,0,Rhein-Hunsrück-Kreis,lk,0,0,0,0,0,rhein-hunsrück-kreis landkreis,"7.2027,49.8405,7.7648,50.2655","7.5001,50.0443"
07141,0,Rhein-Lahn-Kreis,lk,0,0,0,0,0,rhein-lahn-kreis landkreis,"7.5784,50.0665,8.1228,50.4148","7.8427,50.2633"
07143,1,Westerwaldkreis,lk,0,0,1,0,0,westerwaldkreis landkreis,"7.5949,50.3474,8.1522,50.7401","7.8657,50.5523"
07211,5,Trier,ks,1,0,4,0,0,trier kreisfreie stadt,"6.5529,49.699,6.7465,49.8577","6.655,49.7627"
07231,8,Bernkastel-Wittlich,lk,1,0,7,0,0,bernkastel-wittlich landkreis,"6.6812,49.673,7.2638,50.1315","6.9673,49.9247"
07232,13,Eifelkreis Bitburg-Prüm,lk,2,0,9,2,0,eifelkreis bitburg-prüm landkreis,"6.1124,49.8104,6.7282,50.3245","6.4101,50.0622"
07233,10,Vulkaneifel,lk,0,1,8,1,0,vulkaneifel landkreis,"6.385,50.0734,7.0704,50.3895","6.7487,50.2384"
07235,3,Trier-Saarburg,lk,1,0,1,0,1,trier-saarburg landkreis,"6.3575,49.517,7.0651,49.9176","6.6952,49.6966"
07311,19,Frankenthal (Pfalz),ks,0,0,6,11,2,frankenthal (pfalz) kreisfreie stadt,"8.3083,49.4853,8.4231,49.5828","8.357,49.5333"
07312,1,Kaiserslautern,ks,0,0,1,0,0,kaiserslautern kreisfreie stadt,"7.6272,49.3586,7.8707,49.4951","7.7607,49.4328"
07313,1,Landau in der Pfalz,ks,0,0,1,0,0,landau in der pfalz kreisfreie stadt,"7.8641,49.1551,8.1808,49.3164","8.0509,49.2244"
07314,14,Ludwigshafen am Rhein,ks,0,0,7,3,4,ludwigshafen am rhein kreisfreie stadt,"8.2981,49.4267,8.477,49.5501","8.3968,49.4821"
07315,3,Mainz,ks,1,0,1,1,0,mainz kreisfreie stadt,"8.1434,49.8956,8.343,50.0353","8.2415,49.9742"
07316,0,Neustadt an der Weinstraße,ks,0,0,0,0,0,neustadt an der weinstraße kreisfreie stadt,"7.9996,49.2961,8.3174,49.4009","8.1522,49.3419"
07317,0,Pirmasens,ks,0,0,0,0,0,pirmasens kreisfreie stadt,"7.5142,49.1413,7.6734,49.2347","7.5945,49.1972"
07318,14,Speyer,ks,6,2,6,0,0,speyer kreisfreie stadt,"8.3754,49.283,8.4918,49.3761","8.4349,49.3297"
07319,9,Worms,ks,0,0,6,3,0,worms kreisfreie stadt,"8.2384,49.5864,8.4464,49.7367","8.3245,49.6494"
07320,0,Zweibrücken,ks,0,0,0,0,0,zweibrücken kreisfreie stadt,"7.289,49.1895,7.4484,49.3164","7.3654,49.2482"
07331,61,Alzey-Worms,lk,0,1,36,12,12,alzey-worms landkreis,"7.9046,49.5881,8.4799,49.9","8.1572,49.7594"
07332,6,Bad Dürkheim,lk,3,2,1,0,0,bad dürkheim landkreis,"7.8246,49.309,8.3174,49.6289","8.1103,49.453"
07333,0,Donnersbergkreis,lk,0,0,0,0,0,donnersbergkreis landkreis,"7.6963,49.4893,8.1612,49.7658","7.915,49.632"
07334,159,Germersheim,lk,12,24,113,9,1,germersheim landkreis,"8.055,48.9666,8.4131,49.2977","8.2462,49.1159"
07335,6,Kaiserslautern,lk,0,0,4,2,0,kaiserslautern landkreis,"7.3925,49.3068,8.0026,49.5971","7.6849,49.4462"
07336,7,Kusel,lk,0,1,6,0,0,kusel landkreis,"7.2464,49.3634,7.7282,49.714","7.4713,49.5499"
07337,22,Südliche Weinstraße,lk,8,7,7,0,0,südliche weinstraße landkreis,"7.8257,48.9993,8.3243,49.3438","8.0481,49.1904"
07338,53,Rhein-Pfalz-Kreis,lk,6,10,29,4,4,rhein-pfalz-kreis landkreis,"8.2327,49.2498,8.5084,49.6076","8.3606,49.4166"
07339,26,Mainz-Bingen,lk,2,4,15,0,5,mainz-bingen landkreis,"7.6648,49.7485,8.4001,50.0826","8.0796,49.922"
07340,0,Südwestpfalz,lk,0,0,0,0,0,südwestpfalz landkreis,"7.3203,49.0329,7.9167,49.377","7.6588,49.2083"
08111,0,Stuttgart,sk,0,0,0,0,0,stuttgart stadtkreis,"9.039,48.69,9.3154,48.8672","9.172,48.7746"
08115,0,Böblingen,lk,0,0,0,0,0,böblingen landkreis,"8.7465,48.499,9.1742,48.8677","8.9428,48.6782"
08116,0,Esslingen,lk,0,0,0,0,0,esslingen landkreis,"9.0849,48.5123,9.5964,48.7882","9.3691,48.648"
08117,0,Göppingen,lk,0,0,0,0,0,göppingen landkreis,"9.484,48.5173,9.9945,48.7814","9.7175,48.6631"
08118,4,Ludwigsburg,lk,0,0,3,1,0,ludwigsburg landkreis,"8.876,48.7541,9.4162,49.0646","9.1244,48.9406"
08119,0,Rems-Murr-Kreis,lk,0,0,0,0,0,rems-murr-kreis landkreis,"9.2373,48.7405,9.7697,49.079","9.5013,48.899"
08121,6,Heilbronn,sk,0,1,5,0,0,heilbronn stadtkreis,"9.0445,49.093,9.3005,49.2105","9.1823,49.1527"
08125,6,Heilbronn,lk,1,0,3,0,2,heilbronn landkreis,"8.8161,49.0203,9.5275,49.3879","9.1908,49.1771"
08126,0,Hohenlohekreis,lk,0,0,0,0,0,hohenlohekreis landkreis,"9.3434,49.0954,9.8604,49.4301","9.6142,49.2716"
08127,1,Schwäbisch Hall,lk,0,0,1,0,0,schwäbisch hall landkreis,"9.4974,48.9176,10.2646,49.3952","9.9089,49.1445"
08128,0,Main-Tauber-Kreis,lk,0,0,0,0,0,main-tauber-kreis landkreis,"9.2957,49.3522,10.1617,49.7915","9.7251,49.5607"
08135,36,Heidenheim,lk,0,2,32,2,0,heidenheim landkreis,"9.9201,48.5001,10.4957,48.7872","10.1821,48.6623"
08136,10,Ostalbkreis,lk,0,4,5,0,1,ostalbkreis landkreis,"9.6191,48.7147,10.4571,49.0609","10.0902,48.8775"
08211,4,Baden-Baden,sk,1,0,2,0,1,baden-baden stadtkreis,"8.1088,48.6667,8.321,48.8476","8.2319,48.7485"
08212,26,Karlsruhe,sk,0,1,18,6,1,karlsruhe stadtkreis,"8.2773,48.9404,8.5429,49.0916","8.4127,49.0113"
08215,107,Karlsruhe,lk,11,24,66,6,0,karlsruhe landkreis,"8.2584,48.8131,8.8942,49.29","8.5628,49.0819"
08216,68,Rastatt,lk,1,2,60,5,0,rastatt landkreis,"7.9596,48.5867,8.4852,48.9809","8.2412,48.7618"
08221,6,Heidelberg,sk,0,4,2,0,0,heidelberg stadtkreis,"8.5731,49.3522,8.7941,49.4596","8.6942,49.4055"
08222,8,Mannheim,sk,0,0,3,1,4,mannheim stadtkreis,"8.4141,49.411,8.5901,49.5905","8.5003,49.4994"
08225,0,Neckar-Odenwald-Kreis,lk,0,0,0,0,0,neckar-odenwald-kreis landkreis,"8.938,49.2717,9.6038,49.6635","9.2801,49.4665"
08226,101,Rhein-Neckar-Kreis,lk,3,7,63,17,11,rhein-neckar-kreis landkreis,"8.4505,49.1744,9.1009,49.6259","8.7671,49.3685"
08231,0,Pforzheim,sk,0,0,0,0,0,pforzheim stadtkreis,"8.6257,48.8199,8.8086,48.9296","8.7126,48.8764"
08235,0,Calw,lk,0,0,0,0,0,calw landkreis,"8.3794,48.4839,8.8786,48.8383","8.6358,48.679"
08236,0,Enzkreis,lk,0,0,0,0,0,enzkreis landkreis,"8.4675,48.7743,8.9482,49.0622","8.7372,48.9145"
08237,1,Freudenstadt,lk,0,0,1,0,0,freudenstadt landkreis,"8.2067,48.3011,8.8289,48.6395","8.4653,48.4744"
08311,15,Freiburg im Breisgau,sk,0,2,11,1,1,freiburg im breisgau stadtkreis,"7.6625,47.9035,7.9303,48.0711","7.8181,47.9927"
08315,44,Breisgau-Hochschwarzwald,lk,1,2,37,3,1,breisgau-hochschwarzwald landkreis,"7.5297,47.7436,8.4397,48.1168","7.925,47.9249"
08316,67,Emmendingen,lk,4,6,43,11,3,emmendingen landkreis,"7.577,48.0082,8.1876,48.2605","7.8975,48.1485"
08317,164,Ortenaukreis,lk,3,13,138,8,2,ortenaukreis landkreis,"7.6807,48.1582,8.3305,48.7186","8.0163,48.4209"
08325,0,Rottweil,lk,0,0,0,0,0,rottweil landkreis,"8.2768,48.0711,8.7532,48.411","8.5324,48.2542"
08326,8,Schwarzwald-Baar-Kreis,lk,0,1,6,1,0,schwarzwald-baar-kreis landkreis,"8.1096,47.7705,8.6631,48.1869","8.411,48.0191"
08327,6,Tuttlingen,lk,0,0,6,0,0,tuttlingen landkreis,"8.5868,47.8462,9.0214,48.1846","8.7941,48.0112"
08335,27,Konstanz,lk,0,3,19,3,2,konstanz landkreis,"8.6139,47.6521,9.2178,47.9422","8.9102,47.7982"
08336,36,Lörrach,lk,1,2,32,0,1,lörrach landkreis,"7.5119,47.5324,8.0223,47.8803","7.774,47.7035"
08337,6,Waldshut,lk,0,1,5,0,0,waldshut landkreis,"7.8711,47.5438,8.629,47.8585","8.2189,47.6971"
08415,0,Reutlingen,lk,0,0,0,0,0,reutlingen landkreis,"9.1146,48.1949,9.6388,48.6056","9.3657,48.4065"
08416,0,Tübingen,lk,0,0,0,0,0,tübingen landkreis,"8.7557,48.3628,9.1757,48.6228","8.9876,48.4818"
08417,0,Zollernalbkreis,lk,0,0,0,0,0,zollernalbkreis landkreis,"8.6478,48.1036,9.2218,48.4175","8.9375,48.2673"
08421,3,Ulm,sk,0,0,3,0,0,ulm stadtkreis,"9.8431,48.3069,10.0424,48.4685","9.95,48.3909"
08425,68,Alb-Donau-Kreis,lk,9,13,34,9,3,alb-donau-kreis landkreis,"9.4892,48.1423,10.2414,48.6318","9.8274,48.4017"
08426,123,Biberach,lk,1,17,81,17,7,biberach landkreis,"9.2603,47.9457,10.144,48.294","9.7743,48.1076"
08435,17,Bodenseekreis,lk,0,2,14,1,0,bodenseekreis landkreis,"9.0656,47.5812,9.7443,47.8822","9.4008,47.7335"
08436,88,Ravensburg,lk,1,5,80,2,0,ravensburg landkreis,"9.376,47.6018,10.1397,48.0055","9.7799,47.825"
08437,22,Sigmaringen,lk,0,1,12,6,3,sigmaringen landkreis,"8.9342,47.8172,9.6049,48.2891","9.241,48.0391"
09161,2,Ingolstadt,ks,0,0,1,0,1,ingolstadt kreisfreie stadt,"11.2559,48.6843,11.5033,48.8231","11.3948,48.7552"
09162,4,München,ks,0,0,3,1,0,münchen kreisfreie stadt,"11.3609,48.0616,11.7231,48.2481","11.5473,48.1532"
09163,27,Rosenheim,ks,2,3,21,0,1,rosenheim kreisfreie stadt,"12.0543,47.8105,12.1531,47.8871","12.1092,47.8445"
09171,16,Altötting,lk,9,2,4,1,0,altötting landkreis,"12.5425,48.0444,12.9447,48.3584","12.7053,48.2098"
09172,5,Berchtesgadener Land,lk,0,1,4,0,0,berchtesgadener land landkreis,"12.6959,47.4634,13.0987,47.9626","12.9018,47.6985"
09173,5,Bad Tölz-Wolfratshausen,lk,0,3,2,0,0,bad tölz-wolfratshausen landkreis,"11.2627,47.4953,11.6801,47.9802","11.4831,47.7275"
09174,1,Dachau,lk,0,0,0,0,1,dachau landkreis,"11.1103,48.2016,11.5821,48.4555","11.3571,48.3345"
09175,8,Ebersberg,lk,2,6,0,0,0,ebersberg landkreis,"11.7478,47.9312,12.1003,48.2269","11.9132,48.0762"
09176,7,Eichstätt,lk,0,1,6,0,0,eichstätt landkreis,"10.9368,48.7328,11.7441,49.0877","11.3704,48.8981"
09177,2,Erding,lk,0,1,1,0,0,erding landkreis,"11.7314,48.1404,12.2551,48.4548","12.0006,48.3004"
09178,5,Freising,lk,0,3,2,0,0,freising landkreis,"11.4925,48.2659,12.0193,48.6166","11.7407,48.4473"
09179,6,Fürstenfeldbruck,lk,0,1,5,0,0,fürstenfeldbruck landkreis,"10.9929,48.0878,11.4125,48.2967","11.2011,48.1878"
09180,7,Garmisch-Partenkirchen,lk,0,0,7,0,0,garmisch-partenkirchen landkreis,"10.8695,47.3934,11.4215,47.737","11.1296,47.5564"
09181,4,Landsberg am Lech,lk,0,1,3,0,0,landsberg am lech landkreis,"10.7483,47.8423,11.1702,48.2367","10.9487,48.0244"
09182,2,Miesbach,lk,0,0,2,0,0,miesbach landkreis,"11.598,47.5812,12.0624,47.9426","11.809,47.7416"
09183,7,Mühldorf a. Inn,lk,2,0,2,3,0,mühldorf a. inn landkreis,"12.0321,48.0831,12.6095,48.4297","12.3818,48.2393"
09184,9,München,lk,1,2,6,0,0,münchen landkreis,"11.3852,47.917,11.8521,48.2995","11.6314,48.0745"
09185,40,Neuburg-Schrobenhausen,lk,4,13,22,0,1,neuburg-schrobenhausen landkreis,"10.9474,48.4637,11.4574,48.8229","11.1972,48.6644"
09186,7,Pfaffenhofen a.d. Ilm,lk,0,2,5,0,0,pfaffenhofen a.d. ilm landkreis,"11.2951,48.4062,11.72,48.8143","11.5242,48.5963"
09187,38,Rosenheim,lk,0,7,26,4,1,rosenheim landkreis,"11.8018,47.6009,12.444,48.1432","12.1628,47.8784"
09188,3,Starnberg,lk,0,0,3,0,0,starnberg landkreis,"11.1292,47.8207,11.4341,48.1362","11.2817,48.006"
09189,15,Traunstein,lk,3,4,7,1,0,traunstein landkreis,"12.3236,47.625,12.8858,48.1639","12.5795,47.8945"
09190,4,Weilheim-Schongau,lk,0,0,4,0,0,weilheim-schongau landkreis,"10.7159,47.6156,11.43,47.9548","11.0483,47.7875"
09261,11,Landshut,ks,0,0,9,1,1,landshut kreisfreie stadt,"12.0194,48.5082,12.2849,48.5955","12.1594,48.5447"
09262,0,Passau,ks,0,0,0,0,0,passau kreisfreie stadt,"13.3025,48.5404,13.5143,48.6134","13.4152,48.5821"
09263,0,Straubing,ks,0,0,0,0,0,straubing kreisfreie stadt,"12.4802,48.8417,12.6674,48.9243","12.5736,48.8808"
09271,82,Deggendorf,lk,4,10,51,13,4,deggendorf landkreis,"12.7496,48.5989,13.2593,48.957","13.0007,48.7787"
09272,0,Freyung-Grafenau,lk,0,0,0,0,0,freyung-grafenau landkreis,"13.1679,48.682,13.8396,48.9834","13.5133,48.8269"
09273,4,Kelheim,lk,0,0,4,0,0,kelheim landkreis,"11.5949,48.5787,12.1338,49.0233","11.8576,48.8249"
09274,6,Landshut,lk,1,2,3,0,0,landshut landkreis,"11.8779,48.3163,12.5092,48.7726","12.1954,48.5578"
09275,1,Passau,lk,0,0,1,0,0,passau landkreis,"12.9834,48.2929,13.8376,48.7617","13.3666,48.5587"
09276,0,Regen,lk,0,0,0,0,0,regen landkreis,"12.7638,48.8572,13.4167,49.1736","13.0998,49.0228"
09277,5,Rottal-Inn,lk,1,3,1,0,0,rottal-inn landkreis,"12.4706,48.2067,13.177,48.6171","12.8674,48.4245"
09278,1,Straubing-Bogen,lk,0,0,1,0,0,straubing-bogen landkreis,"12.1277,48.7156,12.8914,49.1195","12.5824,48.8997"
09279,21,Dingolfing-Landau,lk,0,2,17,1,1,dingolfing-landau landkreis,"12.3242,48.4805,12.9674,48.7994","12.6105,48.6412"
09361,0,Amberg,ks,0,0,0,0,0,amberg kreisfreie stadt,"11.7767,49.4118,11.9146,49.4971","11.8454,49.4509"
09362,2,Regensburg,ks,0,1,1,0,0,regensburg kreisfreie stadt,"12.0293,48.9669,12.1917,49.0762","12.1137,49.013"
09363,0,Weiden i.d. OPf.,ks,0,0,0,0,0,weiden i.d. opf. kreisfreie stadt,"12.064,49.6146,12.2665,49.7119","12.1545,49.6692"
09371,0,Amberg-Sulzbach,lk,0,0,0,0,0,amberg-sulzbach landkreis,"11.5109,49.2144,12.1196,49.7609","11.8009,49.4867"
09372,2,Cham,lk,0,0,2,0,0,cham landkreis,"12.3043,49.0286,13.1709,49.4906","12.6943,49.2371"
09373,0,Neumarkt i.d. OPf.,lk,0,0,0,0,0,neumarkt i.d. opf. landkreis,"11.186,48.9515,11.9425,49.4325","11.5666,49.216"
09374,1,Neustadt a.d. Waldnaab,lk,0,0,1,0,0,neustadt a.d. waldnaab landkreis,"11.6287,49.5039,12.5938,49.8562","12.0982,49.6866"
09375,1,Regensburg,lk,0,1,0,0,0,regensburg landkreis,"11.6591,48.7649,12.4913,49.2236","12.1212,49.0214"
09376,0,Schwandorf,lk,0,0,0,0,0,schwandorf landkreis,"11.9342,49.1434,12.6443,49.594","12.2525,49.3685"
09377,0,Tirschenreuth,lk,0,0,0,0,0,tirschenreuth landkreis,"11.8038,49.7538,12.5513,50.0614","12.2003,49.8994"
09461,0,Bamberg,ks,0,0,0,0,0,bamberg kreisfreie stadt,"10.8264,49.8425,10.96,49.927","10.8989,49.8872"
09462,0,Bayreuth,ks,0,0,0,0,0,bayreuth kreisfreie stadt,"11.4748,49.8883,11.6725,49.977","11.5847,49.9377"
09463,0,Coburg,ks,0,0,0,0,0,coburg kreisfreie stadt,"10.8874,50.2217,11.0639,50.2986","10.9644,50.2639"
09464,0,Hof,ks,0,0,0,0,0,hof kreisfreie stadt,"11.8074,50.2671,11.9721,50.355","11.8973,50.3108"
09471,4,Bamberg,lk,0,0,4,0,0,bamberg landkreis,"10.4399,49.7211,11.2526,50.0953","10.8836,49.8934"
09472,12,Bayreuth,lk,3,2,3,1,3,bayreuth landkreis,"11.1843,49.6139,11.9039,50.1336","11.5551,49.8838"
09473,1,Coburg,lk,0,0,0,0,1,coburg landkreis,"10.7125,50.088,11.2018,50.3968","10.9423,50.2679"
09474,0,Forchheim,lk,0,0,0,0,0,forchheim landkreis,"10.9128,49.5873,11.3886,49.8746","11.1731,49.721"
09475,1,Hof,lk,0,0,1,0,0,hof landkreis,"11.5286,50.1032,12.1621,50.4247","11.8192,50.2732"
09476,0,Kronach,lk,0,0,0,0,0,kronach landkreis,"11.1685,50.1593,11.6104,50.5232","11.372,50.328"
09477,3,Kulmbach,lk,0,0,2,1,0,kulmbach landkreis,"11.2508,49.9346,11.6899,50.2685","11.4823,50.1026"
09478,0,Lichtenfels,lk,0,0,0,0,0,lichtenfels landkreis,"10.8746,49.9896,11.3636,50.2187","11.1169,50.1093"
09479,1,Wunsiedel i. Fichtelgebirge,lk,0,0,1,0,0,wunsiedel i. fichtelgebirge landkreis,"11.7891,49.9707,12.2754,50.2277","12.0419,50.0901"
09561,0,Ansbach,ks,0,0,0,0,0,ansbach kreisfreie stadt,"10.4543,49.2337,10.6568,49.3437","10.5636,49.2922"
09562,0,Erlangen,ks,0,0,0,0,0,erlangen kreisfreie stadt,"10.9163,49.5331,11.0534,49.6457","10.9781,49.5823"
09563,0,Fürth,ks,0,0,0,0,0,fürth kreisfreie stadt,"10.8932,49.4365,11.0286,49.5411","10.9654,49.4914"
09564,0,Nürnberg,ks,0,0,0,0,0,nürnberg kreisfreie stadt,"10.9879,49.3319,11.2801,49.5403","11.0827,49.4362"
09565,0,Schwabach,ks,0,0,0,0,0,schwabach kreisfreie stadt,"10.9704,49.2934,11.0874,49.3759","11.0236,49.3356"
09571,2,Ansbach,lk,0,0,2,0,0,ansbach landkreis,"10.0947,48.9768,10.9134,49.492","10.4681,49.2481"
09572,3,Erlangen-Höchstadt,lk,0,1,2,0,0,erlangen-höchstadt landkreis,"10.5918,49.4713,11.2886,49.7882","10.9149,49.64"
09573,0,Fürth,lk,0,0,0,0,0,fürth landkreis,"10.6804,49.3546,11.0262,49.549","10.8497,49.4467"
09574,2,Nürnberger Land,lk,0,1,0,1,0,nürnberger land landkreis,"11.1283,49.3022,11.6016,49.7151","11.3694,49.4919"
09575,0,Neustadt a.d. Aisch-Bad Windsheim,lk,0,0,0,0,0,neustadt a.d. aisch-bad windsheim landkreis,"10.0696,49.4101,10.8214,49.7563","10.4653,49.5695"
09576,3,Roth,lk,1,1,1,0,0,roth landkreis,"10.8372,48.9979,11.4265,49.3916","11.1236,49.2029"
09577,2,Weißenburg-Gunzenhausen,lk,0,1,1,0,0,weißenburg-gunzenhausen landkreis,"10.6302,48.8594,11.2014,49.205","10.8937,49.0327"
09661,0,Aschaffenburg,ks,0,0,0,0,0,aschaffenburg kreisfreie stadt,"9.0801,49.9206,9.2378,50.0213","9.1458,49.9639"
09662,0,Schweinfurt,ks,0,0,0,0,0,schweinfurt kreisfreie stadt,"10.1653,50.0094,10.2751,50.0948","10.2209,50.0471"
09663,0,Würzburg,ks,0,0,0,0,0,würzburg kreisfreie stadt,"9.8717,49.7102,10.0144,49.8456","9.9409,49.7847"
09671,4,Aschaffenburg,lk,1,0,1,0,2,aschaffenburg landkreis,"8.9759,49.8325,9.4863,50.1494","9.238,50.0081"
09672,2,Bad Kissingen,lk,0,0,2,0,0,bad kissingen landkreis,"9.6232,50.0297,10.3701,50.4259","9.9647,50.2225"
09673,1,Rhön-Grabfeld,lk,1,0,0,0,0,rhön-grabfeld landkreis,"9.9204,50.1964,10.6114,50.5642","10.2549,50.3713"
09674,0,Haßberge,lk,0,0,0,0,0,haßberge landkreis,"10.3203,49.8552,10.8793,50.2365","10.607,50.0629"
09675,0,Kitzingen,lk,0,0,0,0,0,kitzingen landkreis,"10.04,49.5899,10.555,49.9159","10.256,49.7532"
09676,4,Miltenberg,lk,0,3,1,0,0,miltenberg landkreis,"9.0333,49.5736,9.4789,49.9384","9.2348,49.7573"
09677,3,Main-Spessart,lk,0,0,3,0,0,main-spessart landkreis,"9.3728,49.7445,10.0462,50.2435","9.6627,49.9936"
09678,1,Schweinfurt,lk,0,0,1,0,0,schweinfurt landkreis,"9.9571,49.8207,10.5313,50.2317","10.26,50.0169"
09679,0,Würzburg,lk,0,0,0,0,0,würzburg landkreis,"9.6254,49.4804,10.1892,49.9536","9.9274,49.7376"
09761,2,Augsburg,ks,0,0,2,0,0,augsburg kreisfreie stadt,"10.7642,48.2582,10.9592,48.4587","10.8855,48.3456"
09762,0,Kaufbeuren,ks,0,0,0,0,0,kaufbeuren kreisfreie stadt,"10.5512,47.8409,10.6611,47.9218","10.6161,47.8799"
09763,0,Kempten (Allgäu),ks,0,0,0,0,0,kempten (allgäu) kreisfreie stadt,"10.2331,47.6951,10.3779,47.7779","10.3081,47.7382"
09764,1,Memmingen,ks,0,0,1,0,0,memmingen kreisfreie stadt,"10.0847,47.9157,10.234,48.0475","10.1631,47.9788"
09771,5,Aichach-Friedberg,lk,1,3,1,0,0,aichach-friedberg landkreis,"10.8642,48.1916,11.3117,48.6202","11.0528,48.4276"
09772,6,Augsburg,lk,0,0,5,1,0,augsburg landkreis,"10.4948,48.0892,10.987,48.6386","10.7321,48.3543"
09773,9,Dillingen a.d. Donau,lk,0,2,7,0,0,dillingen a.d. donau landkreis,"10.2544,48.4711,10.7857,48.7576","10.5278,48.5964"
09774,3,Günzburg,lk,0,1,2,0,0,günzburg landkreis,"10.1339,48.1601,10.5995,48.5277","10.3811,48.3528"
09775,28,Neu-Ulm,lk,3,5,17,1,2,neu-ulm landkreis,"9.9673,48.1085,10.3152,48.4775","10.1412,48.2982"
09776,0,Lindau (Bodensee),lk,0,0,0,0,0,lindau (bodensee) landkreis,"9.6021,47.5286,10.0773,47.687","9.8829,47.6052"
09777,4,Ostallgäu,lk,0,0,4,0,0,ostallgäu landkreis,"10.326,47.5139,10.9528,48.1115","10.6397,47.77"
09778,11,Unterallgäu,lk,1,2,8,0,0,unterallgäu landkreis,"10.0768,47.8201,10.7079,48.2297","10.3892,48.0398"
09779,7,Donau-Ries,lk,0,0,6,1,0,donau-ries landkreis,"10.4015,48.5841,11.0416,49.036","10.7123,48.8069"
09780,3,Oberallgäu,lk,0,1,2,0,0,oberallgäu landkreis,"9.9583,47.2701,10.5116,47.8636","10.2586,47.5727"
10041,0,Regionalverband Saarbrücken,lk,0,0,0,0,0,regionalverband saarbrücken landkreis,"6.7112,49.1119,7.1372,49.3777","6.9573,49.2514"
10042,0,Merzig-Wadern,lk,0,0,0,0,0,merzig-wadern landkreis,"6.3569,49.3722,6.963,49.6134","6.6805,49.4958"
10043,0,Neunkirchen,lk,0,0,0,0,0,neunkirchen landkreis,"6.9169,49.2873,7.2926,49.4413","7.1172,49.3757"
10044,0,Saarlouis,lk,0,0,0,0,0,saarlouis landkreis,"6.5373,49.2153,6.9893,49.5017","6.7756,49.3554"
10045,0,Saarpfalz-Kreis,lk,0,0,0,0,0,saarpfalz-kreis landkreis,"7.0621,49.1149,7.4038,49.4082","7.2422,49.2487"
10046,0,St. Wendel,lk,0,0,0,0,0,st. wendel landkreis,"6.8904,49.4092,7.3099,49.6394","7.1004,49.5196"
11000,388,Berlin,ks,12,26,137,83,130,berlin kreisfreie stadt,"13.0883,52.3382,13.7605,52.6754","13.4019,52.5015"
12051,10,Brandenburg an der Havel,ks,0,3,6,1,0,brandenburg an der havel kreisfreie stadt,"12.3612,52.3115,12.7259,52.5418","12.5195,52.4028"
12052,5,Cottbus,ks,0,0,5,0,0,cottbus kreisfreie stadt,"14.2733,51.6925,14.5013,51.8642","14.3663,51.7726"
12053,17,Frankfurt (Oder),ks,6,1,9,1,0,frankfurt (oder) kreisfreie stadt,"14.3948,52.2528,14.6014,52.3982","14.4903,52.3248"
12054,18,Potsdam,ks,1,6,10,0,1,potsdam kreisfreie stadt,"12.8884,52.3429,13.1659,52.5148","13.0287,52.4262"
12060,53,Barnim,lk,10,7,20,7,9,barnim landkreis,"13.3964,52.5442,14.1566,53.0585","13.7037,52.8232"
12061,44,Dahme-Spreewald,lk,6,5,31,1,1,dahme-spreewald landkreis,"13.411,51.727,14.4534,52.4206","13.82,52.0423"
12062,47,Elbe-Elster,lk,0,8,30,5,4,elbe-elster landkreis,"13.051,51.3676,13.8903,51.8861","13.4596,51.6123"
12063,49,Havelland,lk,1,9,38,1,0,havelland landkreis,"12.1418,52.439,13.1665,52.8105","12.6283,52.6208"
12064,132,Märkisch-Oderland,lk,9,15,98,9,1,märkisch-oderland landkreis,"13.6105,52.374,14.6398,52.9033","14.1465,52.6067"
12065,84,Oberhavel,lk,6,15,41,9,13,oberhavel landkreis,"12.825,52.5867,13.5209,53.2511","13.2053,52.9068"
12066,20,Oberspreewald-Lausitz,lk,1,4,9,1,5,oberspreewald-lausitz landkreis,"13.6341,51.359,14.2175,51.9031","13.9436,51.6163"
12067,88,Oder-Spree,lk,18,19,46,3,2,oder-spree landkreis,"13.667,51.9999,14.7591,52.5028","14.2191,52.244"
12068,82,Ostprignitz-Ruppin,lk,1,9,56,10,6,ostprignitz-ruppin landkreis,"12.1202,52.6813,13.0568,53.3213","12.636,52.9914"
12069,78,Potsdam-Mittelmark,lk,13,16,47,1,1,potsdam-mittelmark landkreis,"12.2168,51.9793,13.3128,52.5571","12.6892,52.2463"
12070,17,Prignitz,lk,0,0,15,2,0,prignitz landkreis,"11.2657,52.8757,12.4189,53.3714","11.9619,53.1093"
12071,27,Spree-Neiße,lk,4,3,11,4,5,spree-neiße landkreis,"14.0729,51.505,14.7657,52.0577","14.4331,51.7586"
12072,74,Teltow-Fläming,lk,18,17,37,2,0,teltow-fläming landkreis,"12.7698,51.7909,13.653,52.4116","13.276,52.0731"
12073,54,Uckermark,lk,5,9,34,5,1,uckermark landkreis,"13.2397,52.9315,14.4506,53.5587","13.8613,53.2059"
13003,0,Rostock,ks,0,0,0,0,0,rostock kreisfreie stadt,"11.9985,54.0506,12.2937,54.2447","12.1409,54.147"
13004,0,Schwerin,ks,0,0,0,0,0,schwerin kreisfreie stadt,"11.2958,53.5444,11.5056,53.6875","11.4167,53.6215"
13071,50,Mecklenburgische Seenplatte,lk,5,3,30,9,3,mecklenburgische seenplatte landkreis,"12.2751,53.1625,13.796,54.0049","13.0025,53.5437"
13072,1,Rostock,lk,0,0,1,0,0,rostock landkreis,"11.5114,53.5673,12.816,54.275","12.221,53.912"
13073,0,Vorpommern-Rügen,lk,0,0,0,0,0,vorpommern-rügen landkreis,"12.2781,53.9738,13.7673,54.685","12.9878,54.2847"
13074,3,Nordwestmecklenburg,lk,1,1,1,0,0,nordwestmecklenburg landkreis,"10.7477,53.5664,11.8105,54.0341","11.2521,53.8215"
13075,0,Vorpommern-Greifswald,lk,0,0,0,0,0,vorpommern-greifswald landkreis,"12.9869,53.2548,14.4124,54.2516","13.7925,53.7893"
13076,16,Ludwigslust-Parchim,lk,3,6,7,0,0,ludwigslust-parchim landkreis,"10.5937,53.1103,12.3664,53.7971","11.5342,53.45"
14511,3,Chemnitz,ks,0,3,0,0,0,chemnitz kreisfreie stadt,"12.7271,50.7412,13.0542,50.9038","12.9118,50.8263"
14521,1,Erzgebirgskreis,lk,0,0,1,0,0,erzgebirgskreis landkreis,"12.4577,50.3973,13.5018,50.8066","12.9451,50.6089"
14522,26,Mittelsachsen,lk,1,5,19,0,1,mittelsachsen landkreis,"12.6174,50.6336,13.6522,51.2347","13.1375,50.9558"
14523,17,Vogtlandkreis,lk,1,0,14,0,2,vogtlandkreis landkreis,"11.8715,50.1715,12.584,50.6771","12.235,50.4568"
14524,19,Zwickau,lk,0,2,17,0,0,zwickau landkreis,"12.2267,50.5467,12.8061,50.9237","12.5258,50.7508"
14612,17,Dresden,ks,0,3,13,1,0,dresden kreisfreie stadt,"13.5797,50.9752,13.9658,51.1777","13.7834,51.0664"
14625,36,Bautzen,lk,2,3,27,4,0,bautzen landkreis,"13.7607,51.0188,14.6991,51.5446","14.231,51.2689"
14626,39,Görlitz,lk,0,5,31,2,1,görlitz landkreis,"14.4401,50.8193,15.0418,51.5973","14.7508,51.2256"
14627,39,Meißen,lk,0,5,31,1,2,meißen landkreis,"13.1822,51.0073,13.8565,51.4542","13.4829,51.2394"
14628,6,Sächsische Schweiz-Osterzgebirge,lk,0,1,4,1,0,sächsische schweiz-osterzgebirge landkreis,"13.4214,50.7169,14.4021,51.0899","13.8734,50.9167"
14713,22,Leipzig,ks,2,2,9,1,8,leipzig kreisfreie stadt,"12.2368,51.2382,12.5426,51.4481","12.3748,51.3422"
14729,59,Leipzig,lk,7,11,36,1,4,leipzig landkreis,"12.1477,50.9788,12.9426,51.4687","12.5995,51.2215"
14730,63,Nordsachsen,lk,3,14,29,2,15,nordsachsen landkreis,"12.1487,51.1997,13.2166,51.685","12.7794,51.4729"
15001,3,Dessau-Roßlau,ks,0,0,2,0,1,dessau-roßlau kreisfreie stadt,"12.1121,51.7338,12.3515,51.9707","12.231,51.8537"
15002,11,Halle (Saale),ks,2,2,7,0,0,halle (saale) kreisfreie stadt,"11.8571,51.4029,12.0884,51.5437","11.9685,51.4798"
15003,22,Magdeburg,ks,4,3,13,1,1,magdeburg kreisfreie stadt,"11.5185,52.0252,11.7639,52.2284","11.6413,52.1165"
15081,31,Altmarkkreis Salzwedel,lk,3,8,19,1,0,altmarkkreis salzwedel landkreis,"10.7552,52.3868,11.6375,52.9416","11.227,52.68"
15082,43,Anhalt-Bitterfeld,lk,3,6,18,3,13,anhalt-bitterfeld landkreis,"11.8382,51.5313,12.5803,52.1041","12.1432,51.7954"
15083,32,Börde,lk,7,3,16,4,2,börde landkreis,"10.9337,51.8929,11.8571,52.5082","11.3478,52.2207"
15084,29,Burgenlandkreis,lk,1,3,24,1,0,burgenlandkreis landkreis,"11.3648,50.938,12.2939,51.3204","11.8835,51.1472"
15085,16,Harz,lk,0,4,8,3,1,harz landkreis,"10.5612,51.566,11.4089,52.0597","10.9586,51.8213"
15086,51,Jerichower Land,lk,3,13,32,3,0,jerichower land landkreis,"11.6873,52.0008,12.3308,52.5757","12.0265,52.2608"
15087,46,Mansfeld-Südharz,lk,3,5,36,1,1,mansfeld-südharz landkreis,"10.8821,51.3398,11.7804,51.7299","11.3564,51.5357"
15088,44,Saalekreis,lk,4,4,25,4,7,saalekreis landkreis,"11.393,51.2334,12.2083,51.6754","11.8655,51.4257"
15089,23,Salzlandkreis,lk,0,4,15,3,1,salzlandkreis landkreis,"11.2396,51.6288,12.02,52.0932","11.6427,51.8518"
15090,74,Stendal,lk,0,9,61,2,2,stendal landkreis,"11.3965,52.3316,12.2575,53.0418","11.8395,52.6968"
15091,22,Wittenberg,lk,6,5,11,0,0,wittenberg landkreis,"12.252,51.6106,13.1871,52.0451","12.7016,51.8202"
16051,10,Erfurt,ks,0,4,1,3,2,erfurt kreisfreie stadt,"10.8553,50.8902,11.1751,51.08","11.0202,50.9832"
16052,9,Gera,ks,0,3,5,0,1,gera kreisfreie stadt,"11.998,50.7991,12.1695,50.9765","12.0827,50.894"
16053,2,Jena,ks,0,0,1,0,1,jena kreisfreie stadt,"11.4993,50.8562,11.6728,50.9891","11.587,50.9242"
16054,1,Suhl,ks,0,1,0,0,0,suhl kreisfreie stadt,"10.552,50.5614,10.8452,50.6885","10.7181,50.6211"
16055,1,Weimar,ks,0,1,0,0,0,weimar kreisfreie stadt,"11.2349,50.9167,11.402,51.0368","11.3179,50.9783"
16056,1,Eisenach,ks,0,0,1,0,0,eisenach kreisfreie stadt,"10.1755,50.93,10.3919,51.0524","10.3001,50.9897"
16061,7,Eichsfeld,lk,1,3,3,0,0,eichsfeld landkreis,"9.9233,51.1906,10.5397,51.5925","10.2535,51.3836"
16062,17,Nordhausen,lk,2,3,12,0,0,nordhausen landkreis,"10.4706,51.3645,10.9797,51.649","10.7309,51.5023"
16063,32,Wartburgkreis,lk,2,3,21,4,2,wartburgkreis landkreis,"9.877,50.6268,10.6172,51.1533","10.2125,50.8936"
16064,12,Unstrut-Hainich-Kreis,lk,2,3,7,0,0,unstrut-hainich-kreis landkreis,"10.1853,51.032,10.9226,51.344","10.5518,51.1852"
16065,19,Kyffhäuserkreis,lk,4,9,3,1,2,kyffhäuserkreis landkreis,"10.4836,51.1993,11.4752,51.4298","10.9848,51.3248"
16066,25,Schmalkalden-Meiningen,lk,2,6,14,2,1,schmalkalden-meiningen landkreis,"10.0372,50.3925,10.7548,50.8513","10.3967,50.6311"
16067,18,Gotha,lk,1,5,8,4,0,gotha landkreis,"10.4009,50.7155,10.9646,51.1118","10.6937,50.9106"
16068,25,Sömmerda,lk,3,4,17,1,0,sömmerda landkreis,"10.8628,51.0091,11.4855,51.3226","11.1548,51.1578"
16069,12,Hildburghausen,lk,2,3,6,0,1,hildburghausen landkreis,"10.4505,50.2048,11.0396,50.6153","10.7341,50.434"
16070,9,Ilm-Kreis,lk,2,2,3,1,1,ilm-kreis landkreis,"10.744,50.5469,11.2241,50.9132","10.9749,50.7426"
16071,22,Weimarer Land,lk,3,3,16,0,0,weimarer land landkreis,"11.106,50.7935,11.6972,51.1194","11.3735,50.9716"
16072,4,Sonneberg,lk,1,0,3,0,0,sonneberg landkreis,"10.9392,50.2678,11.285,50.5665","11.1363,50.4213"
16073,31,Saalfeld-Rudolstadt,lk,1,5,16,8,1,saalfeld-rudolstadt landkreis,"10.9663,50.4208,11.6336,50.835","11.3124,50.6408"
16074,24,Saale-Holzland-Kreis,lk,4,6,13,1,0,saale-holzland-kreis landkreis,"11.4205,50.7468,12.0212,51.0878","11.7316,50.9042"
16075,7,Saale-Orla-Kreis,lk,0,2,5,0,0,saale-orla-kreis landkreis,"11.4599,50.3743,11.9648,50.7993","11.7106,50.5809"
16076,14,Greiz,lk,1,0,11,1,1,greiz landkreis,"11.8581,50.5494,12.322,50.9759","12.0741,50.7484"
16077,14,Altenburger Land,lk,0,2,9,2,1,altenburger land landkreis,"12.2078,50.8096,12.6541,51.1038","12.3991,50.9564"
